epoch,g2s_recall@1,g2s_recall@5,g2s_recall@10,g2s_map@1000,s2g_recall@1,s2g_recall@5,s2g_recall@10,s2g_map@1000
9,0.05254708904109589,0.1271404109589041,0.1756742294520548,0.09262919605505011,0.028,0.101,0.141,0.01646758052729718
18,0.06769049657534247,0.1504708904109589,0.19402825342465754,0.11002147810049197,0.042,0.1,0.143,0.016756793106036682
