{
  "checkpoint": "checkpoints/crossview/cv_v2_base_20260422_230539/best.pt",
  "epoch": "30",
  "pretrained_only": false,
  "pool_queries": false,
  "results": {
    "g2s": {
      "recall@1": 0.0721318493150685,
      "recall@5": 0.1851990582191781,
      "recall@10": 0.253103595890411,
      "map@1000": 0.13103674593388026,
      "lm_max_recall@1": 0.09,
      "lm_max_recall@5": 0.203,
      "lm_max_recall@10": 0.272,
      "lm_max_map@1000": 0.152108701152727,
      "lm_mean_recall@1": 0.176,
      "lm_mean_recall@5": 0.334,
      "lm_mean_recall@10": 0.422,
      "lm_mean_map@1000": 0.25498797160037795,
      "lm_attn_recall@1": 0.175,
      "lm_attn_recall@5": 0.331,
      "lm_attn_recall@10": 0.421,
      "lm_attn_map@1000": 0.25207028913218527,
      "lm_img_recall@1": 0.06454406672077467,
      "lm_img_recall@5": 0.1576044262121594,
      "lm_img_recall@10": 0.22284543877099963,
      "lm_img_map@1000": 0.11503559199420975
    },
    "s2g": {
      "recall@1": 0.052,
      "recall@5": 0.144,
      "recall@10": 0.187,
      "map@1000": 0.026602257770767426,
      "lm_max_recall@1": 0.053,
      "lm_max_recall@5": 0.144,
      "lm_max_recall@10": 0.187,
      "lm_max_map@1000": 0.04380813777982257,
      "lm_mean_recall@1": 0.053,
      "lm_mean_recall@5": 0.144,
      "lm_mean_recall@10": 0.187,
      "lm_mean_map@1000": 0.04380813777982257,
      "lm_attn_recall@1": 0.053,
      "lm_attn_recall@5": 0.144,
      "lm_attn_recall@10": 0.187,
      "lm_attn_map@1000": 0.04380817662714981,
      "lm_img_recall@1": 0.052,
      "lm_img_recall@5": 0.144,
      "lm_img_recall@10": 0.187,
      "lm_img_map@1000": 0.026602257770767426
    }
  }
}