{
  "checkpoint": "checkpoints/crossview/cv_v4_base_20260513_013400/best.pt",
  "epoch": "36",
  "pretrained_only": false,
  "pool_queries": false,
  "results": {
    "g2s": {
      "recall@1": 0.0763056506849315,
      "recall@10": 0.2457726883561644,
      "recall@25": 0.3312821061643836,
      "map@1000": 0.13338542264243736,
      "lm_max_recall@1": 0.081,
      "lm_max_recall@10": 0.253,
      "lm_max_recall@25": 0.334,
      "lm_max_map@1000": 0.13721337634243536,
      "lm_mean_recall@1": 0.185,
      "lm_mean_recall@10": 0.396,
      "lm_mean_recall@25": 0.501,
      "lm_mean_map@1000": 0.25330397370667196,
      "lm_attn_recall@1": 0.182,
      "lm_attn_recall@10": 0.392,
      "lm_attn_recall@25": 0.496,
      "lm_attn_map@1000": 0.2521261139558628,
      "lm_img_recall@1": 0.0670729401734866,
      "lm_img_recall@10": 0.20526533186840762,
      "lm_img_recall@25": 0.2826467317333805,
      "lm_img_map@1000": 0.11310789444506886
    },
    "s2g": {
      "recall@1": 0.04,
      "recall@10": 0.168,
      "recall@25": 0.255,
      "map@1000": 0.021180712313715266,
      "lm_max_recall@1": 0.04,
      "lm_max_recall@10": 0.168,
      "lm_max_recall@25": 0.255,
      "lm_max_map@1000": 0.036064425091608426,
      "lm_mean_recall@1": 0.04,
      "lm_mean_recall@10": 0.168,
      "lm_mean_recall@25": 0.255,
      "lm_mean_map@1000": 0.036064425091608426,
      "lm_attn_recall@1": 0.04,
      "lm_attn_recall@10": 0.168,
      "lm_attn_recall@25": 0.255,
      "lm_attn_map@1000": 0.03606531759479549,
      "lm_img_recall@1": 0.04,
      "lm_img_recall@10": 0.168,
      "lm_img_recall@25": 0.255,
      "lm_img_map@1000": 0.021180712313715266
    }
  }
}