{
  "checkpoint": "checkpoints/crossview/cv_v3_base_20260429_055409/best.pt",
  "epoch": "36",
  "pretrained_only": false,
  "pool_queries": false,
  "results": {
    "g2s": {
      "recall@1": 0.0857769691780822,
      "recall@10": 0.222923801369863,
      "recall@25": 0.2747217465753425,
      "map@1000": 0.13252244270040503,
      "lm_max_recall@1": 0.071,
      "lm_max_recall@10": 0.188,
      "lm_max_recall@25": 0.254,
      "lm_max_map@1000": 0.11102743871568237,
      "lm_mean_recall@1": 0.184,
      "lm_mean_recall@10": 0.372,
      "lm_mean_recall@25": 0.436,
      "lm_mean_map@1000": 0.2512094313076232,
      "lm_attn_recall@1": 0.182,
      "lm_attn_recall@10": 0.372,
      "lm_attn_recall@25": 0.433,
      "lm_attn_map@1000": 0.24848610659339465,
      "lm_img_recall@1": 0.06950354477022005,
      "lm_img_recall@10": 0.17450691097324578,
      "lm_img_recall@25": 0.22289965097823008,
      "lm_img_map@1000": 0.10568601127262021
    },
    "s2g": {
      "recall@1": 0.055,
      "recall@10": 0.137,
      "recall@25": 0.205,
      "map@1000": 0.018520845876518522,
      "lm_max_recall@1": 0.054,
      "lm_max_recall@10": 0.137,
      "lm_max_recall@25": 0.205,
      "lm_max_map@1000": 0.03946329672029242,
      "lm_mean_recall@1": 0.054,
      "lm_mean_recall@10": 0.137,
      "lm_mean_recall@25": 0.205,
      "lm_mean_map@1000": 0.03946329672029242,
      "lm_attn_recall@1": 0.055,
      "lm_attn_recall@10": 0.137,
      "lm_attn_recall@25": 0.205,
      "lm_attn_map@1000": 0.03949375904118642,
      "lm_img_recall@1": 0.055,
      "lm_img_recall@10": 0.137,
      "lm_img_recall@25": 0.205,
      "lm_img_map@1000": 0.018520845876518522
    }
  }
}