{
  "epoch": 20,
  "selection_metric": "g2s_recall@1",
  "score": 0.043289811643835614,
  "metrics": {
    "g2s": {
      "recall@1": 0.043289811643835614,
      "recall@5": 0.12607020547945205,
      "recall@10": 0.1779216609589041,
      "map@1000": 0.08876008107532495
    },
    "s2g": {
      "recall@1": 0.029,
      "recall@5": 0.077,
      "recall@10": 0.117,
      "map@1000": 0.01472546069786439
    }
  },
  "ckpt_path": "checkpoints/crossview/cv_v2_20260419_220021/best.pt"
}