epoch,g2s_recall@1,g2s_recall@5,g2s_recall@10,g2s_map@1000,s2g_recall@1,s2g_recall@5,s2g_recall@10,s2g_map@1000
9,0.04789169520547945,0.1365582191780822,0.19440282534246575,0.09590145618009006,0.017,0.067,0.114,0.013226438055202345
18,0.06068065068493151,0.1696275684931507,0.2268835616438356,0.11591318711708674,0.036,0.11,0.17,0.02019661370387914
27,0.07357662671232877,0.1832726883561644,0.23908390410958905,0.12863719963280681,0.043,0.121,0.173,0.021679730976972105
36,0.0763056506849315,0.19022902397260275,0.2457191780821918,0.13339703875277595,0.04,0.113,0.168,0.021181679683334117
