epoch,g2s_recall@1,g2s_recall@5,g2s_recall@10,g2s_map@1000,s2g_recall@1,s2g_recall@5,s2g_recall@10,s2g_map@1000
21,0.148,0.315,0.398,0.2333188585262889,0.051,0.125,0.184,0.02275005253599292
24,0.156,0.317,0.391,0.23768724171318367,0.042,0.124,0.192,0.022408076144756733
27,0.162,0.317,0.389,0.24102588500374225,0.052,0.146,0.196,0.025749234355466423
30,0.176,0.334,0.422,0.25498797060772094,0.052,0.144,0.187,0.026602257770767426
33,0.175,0.33,0.411,0.25393502279634866,0.053,0.152,0.199,0.027245119555417092
35,0.176,0.33,0.41,0.25456119989244413,0.053,0.152,0.2,0.026668622521328487
