{
  "epoch": 35,
  "metrics": {
    "g2s": {
      "recall@1": 0.176,
      "recall@5": 0.33,
      "recall@10": 0.41,
      "map@1000": 0.25456119989244413
    },
    "s2g": {
      "recall@1": 0.053,
      "recall@5": 0.152,
      "recall@10": 0.2,
      "map@1000": 0.026668622521328487
    }
  }
}