epoch,g2s_recall@1,g2s_recall@5,g2s_recall@10,g2s_map@1000,s2g_recall@1,s2g_recall@5,s2g_recall@10,s2g_map@1000
9,0.06613869863013698,0.14924015410958905,0.20178724315068494,0.11068367421816765,0.043,0.112,0.161,0.020119462533951325
18,0.08320847602739725,0.1840753424657534,0.23512414383561644,0.13394277820031422,0.05,0.11,0.156,0.0183228972609846
27,0.0841716609589041,0.1800620719178082,0.2248501712328767,0.13174399065145356,0.055,0.127,0.159,0.019771714642731687
36,0.0857769691780822,0.1812928082191781,0.222923801369863,0.13250046700077225,0.054,0.111,0.137,0.018507701355440363
